-- ITM runtime sample templates for Add sample data and MBQA sample_data step.
-- NOT imported by scripts/import_database_split.sh — use db/02_data.sql for fresh installs.
-- Rows with company_id = 1 are parse markers only; the seeder stamps the active tenant.
-- Generated by scripts/extract_02_data_sample.php from db/02_data.sql.

INSERT INTO `access_levels` (`company_id`, `id`, `name`, `created_at`) VALUES
('1', NULL, 'Full', '2026-01-01 00:00:01'),
('1', NULL, 'Limited', '2026-01-01 00:00:01'),
('1', NULL, 'Read Only', '2026-01-01 00:00:01');

INSERT INTO `assignment_types` (`company_id`, `id`, `name`, `created_at`) VALUES
('1', NULL, 'Department', '2026-01-01 00:00:01'),
('1', NULL, 'Individual', '2026-01-01 00:00:01'),
('1', NULL, 'Shared', '2026-01-01 00:00:01');

INSERT INTO `companies` (`id`, `company`, `incode`, `city`, `country`, `phone`, `email`, `website`, `vat`, `unit_no`, `comments`, `active`, `created_at`, `updated_at`) VALUES
('1', 'TechCorp Global', 'TC001', 'New York', 'USA', '+1-212-555-0101', 'info@techcorp.example', 'https://techcorp.example', 'US-TC-1001', NULL, 'Head office company profile', '1', '2026-01-01 00:00:01', NULL),
('2', 'DataCenter Plus', 'DCP001', 'Dallas', 'USA', '+1-972-555-0102', 'contact@datacenterplus.example', 'https://datacenterplus.example', 'US-DCP-1002', NULL, '', '1', '2026-01-01 00:00:01', NULL),
('3', 'Network Solutions', 'NSI001', 'San Francisco', 'USA', '+1-415-555-0103', 'hello@networksolutions.example', 'https://networksolutions.example', 'US-NSI-1003', NULL, '', '1', '2026-01-01 00:00:01', NULL),
('4', 'CloudTech Services', 'CTS001', 'Seattle', 'USA', '+1-206-555-0104', 'support@cloudtech.example', 'https://cloudtech.example', 'US-CTS-1004', NULL, '', '1', '2026-01-01 00:00:01', NULL),
('5', 'Enterprise IT', 'EIT001', 'Boston', 'USA', '+1-617-555-0105', 'office@enterpriseit.example', 'https://enterpriseit.example', 'US-EIT-1005', NULL, '', '1', '2026-01-01 00:00:01', NULL);

INSERT INTO `modules_registry` (`module_slug`, `module_name`, `is_system_module`, `active`) VALUES
("access_levels", "Access Levels", 0, 1),
("alerts", "Alerts", 0, 1),
("annual_budgets", "Annual Budgets", 0, 1),
("approvals", "Approvals", 0, 1),
("approvals_stage", "Approvals Stage", 0, 1),
("approver_type", "Approver Type", 0, 1),
("approvers", "Approvers", 0, 1),
("assignment_types", "Assignment Types", 0, 1),
("attempts", "Attempts", 0, 1),
("audit_logs", "Audit Logs", 1, 1),
("backup_tape_log", "Backup Tape Log File", 0, 1),
("birthdays", "Birthdays", 0, 1),
("bookmark_folders", "Bookmark Folders", 0, 1),
("bookmarks", "Bookmarks", 0, 1),
("budget_categories", "Budget Categories", 0, 1),
("budget_report", "Budget Report", 0, 1),
("cable_colors", "Cable Colors", 0, 1),
("calendar", "Calendar", 0, 1),
("catalogs", "Catalogs", 0, 1),
("companies", "Companies", 1, 1),
("company_module_access", "Company Module Access", 1, 1),
("contacts", "Contacts", 0, 1),
("cost_centers", "Cost Centers", 0, 1),
("departments", "Departments", 0, 1),
("employee_assignment_history", "Employee Assignment History", 0, 1),
("employee_onboarding_requests", "Employee Onboarding Requests", 0, 1),
("employee_positions", "Employee Positions", 0, 1),
("employee_statuses", "Employee Statuses", 0, 1),
("employee_type", "Employee Type", 0, 1),
("emails", "Email Management", 0, 1, "📧"),
("employee_system_access", "Employee System Access", 0, 1),
("employees", "Employees", 0, 1),
("equipment", "Equipment", 0, 1),
("equipment_environment", "Equipment Environment", 0, 1),
("equipment_fiber", "Equipment Fiber", 0, 1),
("equipment_fiber_count", "Equipment Fiber Count", 0, 1),
("equipment_fiber_patch", "Equipment Fiber Patch", 0, 1),
("equipment_fiber_rack", "Equipment Fiber Rack", 0, 1),
("equipment_poe", "Equipment Poe", 0, 1),
("equipment_rj45", "Equipment Rj45", 0, 1),
("equipment_statuses", "Equipment Statuses", 0, 1),
("equipment_types", "Equipment Types", 0, 1),
("event_categories", "Event Categories", 0, 1),
("events", "Events", 0, 1),
("expenses", "Expenses", 0, 1),
("expiring", "Expiring", 0, 1),
("explorer", "Explorer", 0, 1),
("floor_designer", "Floor Designer", 0, 1),
("floor_designer_points", "Floor Designer Points", 0, 1),
("floor_plan_folders", "Floor Plan Folders", 0, 1),
("floor_plan_item_tags", "Floor Plan Item Tags", 0, 1),
("floor_plan_tags", "Floor Plan Tags", 0, 1),
("floor_plans", "Floor Plans", 0, 1),
("forecast_revisions", "Forecast Revisions", 0, 1),
("forecast_revisions_status", "Forecast Revisions Status", 0, 1),
("gl_accounts", "Gl Accounts", 0, 1),
("idf_device_type", "Idf Device Type", 0, 1),
("idf_links", "Idf Links", 0, 1),
("idf_ports", "Idf Ports", 0, 1),
("idf_positions", "Idf Positions", 0, 1),
("idfs", "Idfs", 0, 1),
("inventory_categories", "Inventory Categories", 0, 1),
("inventory_items", "Inventory Items", 0, 1),
("ip_addresses", "Ip Addresses", 0, 1),
("ip_subnets", "Ip Subnets", 0, 1),
("is_access_point", "Is Access Point", 0, 1),
("is_cctv", "Is Cctv", 0, 1),
("is_firewall", "Is Firewall", 0, 1),
("is_other", "Is Other", 0, 1),
("is_phone", "Is Phone", 0, 1),
("is_port_patch_panel", "Is Port Patch Panel", 0, 1),
("is_pos", "Is Pos", 0, 1),
("is_printer", "Is Printer", 0, 1),
("is_router", "Is Router", 0, 1),
("is_server", "Is Server", 0, 1),
("is_switch", "Is Switch", 0, 1),
("is_workstation", "Is Workstation", 0, 1),
("license_management", "License Management", 0, 1),
("it_locations", "It Locations", 0, 1),
("location_types", "Location Types", 0, 1),
("manufacturers", "Manufacturers", 0, 1),
("modules_registry", "Modules Registry", 1, 1),
("monthly_budgets", "Monthly Budgets", 0, 1),
("note_labels", "Note Labels", 0, 1),
("notes", "Notes", 0, 1),
("org_chart", "Org Chart", 0, 1),
("ops_report", "Ops Report", 0, 1),
("password_entries", "Password Entries", 0, 1),
("password_folders", "Password Folders", 0, 1),
("passwords", "Passwords", 0, 1),
("patches_updates", "Patches Updates", 0, 1),
("patches_updates_level", "Patches Updates Level", 0, 1),
("patches_updates_status", "Patches Updates Status", 0, 1),
("printer_device_types", "Printer Device Types", 0, 1),
("private_contacts", "Private Contacts", 0, 1),
("rack_planner", "Rack Planner", 0, 1),
("rack_statuses", "Rack Statuses", 0, 1),
("racks", "Racks", 0, 1),
("registration_invitations", "Registration Invitations", 0, 1),
("resignations", "Resignations", 0, 1),
("rj45_speed", "Rj45 Speed", 0, 1),
("reports", "Reports Hub", 0, 1, "📊"),
("role_assignment_rights", "Role Assignment Rights", 1, 1),
("role_hierarchy", "Role Hierarchy", 1, 1),
("role_module_permissions", "Role Module Permissions", 1, 1),
("roles_permissions", "Roles & Permissions", 1, 1),
("settings", "Settings", 1, 1),
("supplier_statuses", "Supplier Statuses", 0, 1),
("suppliers", "Suppliers", 0, 1),
("switch_port_numbering_layout", "Switch Port Numbering Layout", 0, 1),
("switch_port_types", "Switch Port Types", 0, 1),
("switch_ports", "Switch Ports", 0, 1),
("switch_status", "Switch Status", 0, 1),
("system_access", "System Access", 0, 1),
("ticket_categories", "Ticket Categories", 0, 1),
("ticket_priorities", "Ticket Priorities", 0, 1),
("ticket_statuses", "Ticket Statuses", 0, 1),
("tickets", "Tickets", 0, 1),
("todo", "Todo", 0, 1),
("todo_categories", "Todo Categories", 0, 1),
("ui_configuration", "Ui Configuration", 1, 1),
("employee_companies", "Employee Companies", 1, 1),
("employee_roles", "Employee Roles", 1, 1),
("employee_sidebar_preferences", "Employee Sidebar Preferences", 0, 1),
("visitors_access_log", "Visitors Access Log", 0, 1),
("vlans", "Vlans", 0, 1),
("warranty_types", "Warranty Types", 0, 1),
("workstation_device_types", "Workstation Device Types", 0, 1),
("workstation_modes", "Workstation Modes", 0, 1),
("workstation_office", "Workstation Office", 0, 1),
("workstation_os_types", "Workstation Os Types", 0, 1),
("workstation_os_versions", "Workstation Os Versions", 0, 1),
("workstation_ram", "Workstation Ram", 0, 1),
("import", "Bulk Import", 1, 1, "📥"),
("system_status", "System Status", 1, 1, "🖥️"),
("knowledge_base", "Knowledge Base", 0, 1, "🧩"),
("it_settings", "IT Settings", 0, 1, "⚙️"),
("request_password", "Request Password", 0, 1, "🔑");

INSERT INTO `departments` (`id`, `company_id`, `name`, `code`, `description`, `email`, `phone`, `dect`, `extension`, `active`, `created_at`) VALUES
(NULL, '1', 'Food and Drinks', 'FNB', 'Food and Beverages department', 'fnb@example.com', NULL, NULL, NULL, '1', '2026-01-01 00:00:01'),
(NULL, '1', 'Human Resources', 'HR', 'Human resources department', 'hr@example.com', NULL, NULL, NULL, '1', '2026-01-01 00:00:01'),
(NULL, '1', 'Housekeeping', 'HK', 'Housekeeping operations', 'housekeeping@example.com', NULL, NULL, NULL, '1', '2026-01-01 00:00:01'),
(NULL, '1', 'Front Office', 'FO', 'Front Office', 'frontoffice@example.com', NULL, NULL, NULL, '1', '2026-01-01 00:00:01');

INSERT INTO `budget_categories` (`id`, `company_id`, `name`, `description`, `active`, `created_at`) VALUES
(NULL, '1', 'Revenue', 'Revenue-related general ledger accounts', '1', '2026-01-01 00:00:01'),
(NULL, '1', 'Operating Expense', 'Operational expense accounts', '1', '2026-01-01 00:00:01'),
(NULL, '1', 'Capital Expense', 'Capital expense accounts', '1', '2026-01-01 00:00:01');

INSERT INTO `cost_centers` (`id`, `company_id`, `department_id`, `name`, `code`, `active`, `created_at`) VALUES
(NULL, '1', '1', 'Infrastructure', 'CC-IT-INFRA', '1', '2026-01-01 00:00:01'),
(NULL, '1', '2', 'Restaurant Operations', 'CC-FNB-OPS', '1', '2026-01-01 00:00:01'),
(NULL, '1', '4', 'Room Maintenance', 'CC-HK-RM', '1', '2026-01-01 00:00:01');

INSERT INTO `floor_plan_folders` (`id`, `company_id`, `parent_folder_id`, `name`, `active`, `created_at`) VALUES
(NULL, '1', '1', 'Level 1', '1', '2026-01-01 00:00:01');

INSERT INTO `floor_plan_tags` (`id`, `company_id`, `name`, `active`, `created_at`) VALUES
(NULL, '1', 'Ground Floor', '1', '2026-01-01 00:00:01'),
(NULL, '1', 'Building A', '1', '2026-01-01 00:00:01');

INSERT INTO `forecast_revisions_status` (`id`, `company_id`, `status`, `notes`, `active`, `created_at`, `updated_at`) VALUES
(NULL, 1, 'Draft', 'Draft projection before finance review', 1, '2026-01-01 00:00:01', NULL),
(NULL, 1, 'Submitted', 'Submitted to finance for February forecast', 1, '2026-01-01 00:00:01', NULL),
(NULL, 1, 'Finance Review', NULL, 1, '2026-01-01 00:00:01', NULL),
(NULL, 1, 'Gm Review', NULL, 1, '2026-01-01 00:00:01', NULL),
(NULL, 1, 'Approved', NULL, 1, '2026-01-01 00:00:01', NULL),
(NULL, 1, 'Rejected', NULL, 1, '2026-01-01 00:00:01', NULL);

INSERT INTO `approvals_stage` (`id`, `company_id`, `stage`, `description`, `active`, `created_at`) VALUES
(NULL, '1', 'GM Review', 'General manager review stage before final approval.', '1', '2026-01-01 00:00:01');

INSERT INTO `approver_type` (`id`, `company_id`, `approver_type_description`, `active`, `created_at`) VALUES
(NULL, '1', 'HOD Approval', '1', '2026-01-01 00:00:01'),
(NULL, '1', 'ISM Approval', '1', '2026-01-01 00:00:01'),
(NULL, '1', 'HRD Approval', '1', '2026-01-01 00:00:01');

INSERT INTO `employee_onboarding_requests` (`id`, `company_id`, `employee_id`, `employee_position_id`, `first_name`, `last_name`, `department_name`, `request_date`, `termination_date`, `network_access`, `micros_emc`, `opera`, `micros_card`, `pms_id`, `synergy_mms`, `email_account`, `landline_phone`, `hu_the_lobby`, `mobile_phone`, `navision`, `mobile_email`, `onq_ri`, `birchstreet`, `delphi`, `omina`, `vingcard_system`, `digital_rev`, `office_key_card`, `office_key_card_dep`, `comments`, `starting_date`, `requested_by`, `requested_by_date`, `requested_on`, `hod_approval`, `hod_approval_date`, `hrd_approval`, `hrd_approval_date`, `ism_approval`, `ism_approval_date`, `gm_approval`, `gm_approval_date`, `fin_approval`, `fin_approval_date`, `status_hod`, `status_hrd`, `status_ism`, `status_gm`, `status_fin`, `email_sent_hod`, `email_sent_hod_at`, `email_sent_hrd`, `email_sent_hrd_at`, `email_sent_ism`, `email_sent_ism_at`, `email_sent_gm`, `email_sent_gm_at`, `email_sent_fin`, `email_sent_fin_at`, `active`, `created_at`, `updated_at`) VALUES
(NULL, 1, NULL, 3, 'SAMPLE', 'NAME', 'FOOD AND DRINKS', '2026-03-24', NULL, 'N/A', 'N/A', 'N/A', 'Waiter', 'N/A', 'N/A', 'N/A', 'N/A', 'SAMPLE NAME', 'N/A', 'N/A', 'N/A', 'N/A', 'N/A', 'N/A', 'Via HR', 'N/A', 'N/A', 'Room Service', NULL, 'Starting date: 16/03/2026 || email@student.com', '2026-03-16', 'HR Recruiter Name', '2026-03-24', '2026-03-24', 'HOD Name', NULL, 'HR Name', NULL, 'ISM Manager Name', NULL, 'GM Name', NULL, 'FIN Name', NULL, 'Waiting', 'Waiting', 'Waiting', 'Waiting', 'Waiting', 0, NULL, 0, NULL, 0, NULL, 0, NULL, 0, NULL, 1, '2026-01-01 00:00:01', NULL);

INSERT INTO `employee_statuses` (`company_id`, `id`, `name`, `created_at`) VALUES
('1', NULL, 'Active', '2026-01-01 00:00:01'),
('1', NULL, 'Contractor', '2026-01-01 00:00:01'),
('1', NULL, 'Inactive', '2026-01-01 00:00:01'),
('1', NULL, 'On Leave', '2026-01-01 00:00:01'),
('1', NULL, 'Terminated', '2026-01-01 00:00:01');

INSERT INTO `employee_type` (`company_id`, `id`, `name_type`, `created_at`) VALUES
('1', '1', 'Team member', '2026-01-01 00:00:01'),
('1', '2', 'Internship', '2026-01-01 00:00:01');

INSERT INTO `email_smtp_configurations` (`id`, `company_id`, `config_name`, `smtp_host`, `smtp_port`, `username`, `password_encrypted`, `from_email`, `from_name`, `imap_port`, `pop3_port`, `pop3_tls_mode`, `pop3_require_secure_connection`, `is_default`, `active`, `created_at`, `updated_at`) VALUES
('1', '1', 'IT Manager', 'ABestaQuadrada', '25', 'noreply@example.com', NULL, 'noreply@example.com', 'Mail Manager', '143', '110', 'None', '0', '1', '1', '2026-06-18 01:00:00', '2026-06-19 22:49:25');

INSERT INTO `emails` (`id`, `company_id`, `smtp_config_id`, `to_email`, `subject`, `status`, `details`, `sent_at`, `active`, `created_at`) VALUES
('1', '1', '1', 'nelson.salvador@gmail.com', 'Test Email from IT Manager Pro', 'sent', NULL, '2026-06-18 02:06:00', '1', '2026-06-18 02:06:00');

INSERT INTO `email_alert_rules` (`company_id`, `rule_slug`, `enabled`, `days_before`, `notify_emails`, `active`, `created_at`) VALUES
('1', 'warranty_expiry', '1', '30', 'admin@company.com, it@company.com', '1', '2026-06-18 02:00:00'),
('1', 'license_expiry', '1', '30', 'admin@company.com', '1', '2026-06-18 02:00:00'),
('1', 'certificate_expiry', '0', '30', NULL, '1', '2026-06-18 02:00:00'),
('1', 'alerts_expiry', '0', '30', NULL, '1', '2026-06-18 02:00:00'),
('1', 'notes_reminder', '0', '0', NULL, '1', '2026-06-18 02:00:00'),
('1', 'todo_deadline', '0', '0', NULL, '1', '2026-06-18 02:00:00'),
('1', 'events_datetime', '0', '0', NULL, '1', '2026-06-18 02:00:00');

INSERT INTO `employee_positions` (`id`, `company_id`, `department_id`, `name`, `description`, `active`, `created_at`) VALUES
(1, 1, 1, 'IT Manager', 'Leads hotel IT operations and vendor coordination.', 1, '2026-01-01 00:00:01'),
(2, 1, 1, 'System Administrator', 'Maintains hotel servers, PMS integrations, and backups.', 1, '2026-01-01 00:00:01'),
(3, 1, 2, 'Trainee', 'Entry-level operational role for hospitality onboarding.', 1, '2026-01-01 00:00:01');

INSERT INTO `employees` (`id`, `duplicate`, `company_id`, `first_name`, `last_name`, `display_name`, `work_email`, `personal_email`, `theme`, `emergency_contact_name`, `emergency_contact_relationship`, `emergency_contact_phone`, `mobile_phone`, `external_number`, `dect`, `extension`, `employee_code`, `external_id`, `password`, `vault_key_hash`, `reset_token`, `reset_token_hash`, `reset_token_expires_at`, `role_id`, `access_level_id`, `username`, `department_id`, `job_code`, `comments`, `request_date`, `start_date`, `requested_by`, `termination_requested_by`, `termination_date`, `network_access`, `micros_emc`, `opera_username`, `micros_card`, `pms_id`, `synergy_mms`, `hu_the_lobby`, `navision`, `onq_ri`, `birchstreet`, `delphi`, `omina`, `vingcard_system`, `digital_rev`, `office_key_card`, `office_key_card_department_id`, `workstation_mode_id`, `assignment_type_id`, `location_id`, `employment_status_id`, `employee_position_id`, `reports_to`, `on_contacts`, `on_orgchart`, `photo`, `employee_type_id`, `birthday`, `hide_year`, `is_hidden`, `raw_status_code`, `created_at`, `updated_at`) VALUES
(NULL, 0, 1, 'System', 'Admin', 'System Admin1', 'admin@techcorp.example1.com', NULL, 'light', NULL, NULL, NULL, NULL, NULL, NULL, NULL, NULL, NULL, '$2y$10$uICOCOSxZPMi8xEcyJKTjuupQ.MiicyPXuh..kzO.J8VWlfYoqJAi', NULL, NULL, NULL, NULL, NULL, (SELECT `id` FROM `access_levels` WHERE `company_id` = 1 AND `name` = 'Full' LIMIT 1), 'Admin', NULL, NULL, NULL, NULL, NULL, NULL, NULL, NULL, 0, 0, 0, 0, 0, 0, 0, 0, 0, 0, 0, 0, 0, 0, 0, NULL, NULL, NULL, NULL, (SELECT `id` FROM `employee_statuses` WHERE `company_id` = 1 AND `name` = 'Active' LIMIT 1), NULL, NULL, 0, 0, NULL, NULL, NULL, 0, 0, NULL, '2026-01-01 00:00:01', NULL);

INSERT INTO `equipment_environment` (`company_id`, `id`, `name`, `created_at`) VALUES
('1', '1', 'Managed', '2026-01-01 00:00:01'),
('1', '2', 'Unmanaged', '2026-01-01 00:00:01');

INSERT INTO `equipment_fiber` (`company_id`, `id`, `name`, `created_at`) VALUES
('1', '3', 'QSFP 40 Gbps', '2026-01-01 00:00:01'),
('1', '1', 'SFP 1 Gbps', '2026-01-01 00:00:01'),
('1', '2', 'SFP+ 10 Gbps', '2026-01-01 00:00:01');

INSERT INTO `equipment_fiber_patch` (`company_id`, `id`, `name`, `created_at`) VALUES
('1', '1', 'Patch Panel A', '2026-01-01 00:00:01'),
('1', '2', 'Patch Panel B', '2026-01-01 00:00:01');

INSERT INTO `equipment_fiber_rack` (`company_id`, `id`, `name`, `created_at`) VALUES
('1', '1', 'Rack A', '2026-01-01 00:00:01'),
('1', '2', 'Rack B', '2026-01-01 00:00:01');

INSERT INTO `equipment_fiber_count` (`company_id`, `id`, `name`, `created_at`) VALUES
('1', '1', '1', '2026-01-01 00:00:01'),
('1', '2', '2', '2026-01-01 00:00:01'),
('1', '3', '3', '2026-01-01 00:00:01'),
('1', '4', '4', '2026-01-01 00:00:01');

INSERT INTO `equipment_poe` (`company_id`, `id`, `name`, `watts`, `active`, `created_at`) VALUES
('1', '1', 'PoE (802.3af)', 'Up to 15.4W', '1', '2026-01-01 00:00:01'),
('1', '2', 'PoE+ (802.3at)', 'Up to 30W', '1', '2026-01-01 00:00:01'),
('1', '3', 'PoE++ (802.3bt)', 'Up to 60-90W', '1', '2026-01-01 00:00:01');

INSERT INTO `equipment_rj45` (`company_id`, `id`, `name`, `created_at`) VALUES
('1', '2', '16 ports', '2026-01-01 00:00:01'),
('1', '3', '24 ports', '2026-01-01 00:00:01'),
('1', '4', '48 ports', '2026-01-01 00:00:01'),
('1', '1', '8 ports', '2026-01-01 00:00:01');

INSERT INTO `rj45_speed` (`id`, `company_id`, `cable_type`, `max_speed`, `bandwidth`, `max_distance_full_speed`, `notes`, `active`, `created_at`) VALUES
('3', '1', 'Cat6', '10 Gbps (up to 55 m), 1 Gbps (100 m)', '250 MHz', '55 m @ 10G', 'Good for most offices/homes.', '1', '2026-01-01 00:00:01');

INSERT INTO `equipment_statuses` (`company_id`, `id`, `name`, `created_at`) VALUES
('1', '1', 'Active', '2026-01-01 00:00:01'),
('1', '6', 'Decommissioned', '2026-01-01 00:00:01'),
('1', '4', 'Faulty', '2026-01-01 00:00:01'),
('1', '2', 'Inactive', '2026-01-01 00:00:01'),
('1', '3', 'Maintenance', '2026-01-01 00:00:01'),
('1', '7', 'On-Order', '2026-01-01 00:00:01'),
('1', '8', 'Other', '2026-01-01 00:00:01'),
('1', '5', 'Reserved', '2026-01-01 00:00:01');

INSERT INTO `equipment_types` (`company_id`, `id`, `name`, `code`, `field_edit_emoji`, `active`, `created_at`) VALUES
('1', '1', 'Switch', 'SWITCH', '🔀', '1', '2026-01-01 00:00:01'),
('1', '2', 'Server', 'SRV', '🖥️', '1', '2026-01-01 00:00:01'),
('1', '3', 'Router', 'RTR', '✳️', '1', '2026-01-01 00:00:01'),
('1', '4', 'Firewall', 'FW', '🔥', '1', '2026-01-01 00:00:01'),
('1', '5', 'Port Patch Panel', 'PORT', '➿', '1', '2026-01-01 00:00:01'),
('1', '6', 'Access Point', 'AP', '🛜', '1', '2026-01-01 00:00:01'),
('1', '7', 'Workstation', 'WS', '💻', '1', '2026-01-01 00:00:01'),
('1', '8', 'POS', 'POS', '🏧', '1', '2026-01-01 00:00:01'),
('1', '9', 'Printer', 'PRN', '🖨️', '1', '2026-01-01 00:00:01'),
('1', '10', 'Phone', 'PHONE', '📞', '1', '2026-01-01 00:00:01'),
('1', '11', 'CCTV', 'CCCTV', '🎥', '1', '2026-01-01 00:00:01'),
('1', '12', 'Other', 'OTHER', NULL, '1', '2026-01-01 00:00:01');

INSERT INTO `idf_device_type` (`id`, `company_id`, `idfdevicetype_name`, `field_edit_emoji`, `active`, `created_at`, `updated_at`) VALUES
('1', '1', 'switch', '🔀', '1', '2026-01-01 00:00:01', NULL),
('2', '1', 'patch_panel', '➿', '1', '2026-01-01 00:00:01', NULL),
('3', '1', 'ups', '🔋', '1', '2026-01-01 00:00:01', NULL),
('4', '1', 'server', '🖥️', '1', '2026-01-01 00:00:01', NULL),
('5', '1', 'other', '📦', '1', '2026-01-01 00:00:01', NULL),
('26', '1', 'firewall', '🛡️', '1', '2026-01-01 00:00:01', NULL),
('27', '1', 'router', '📡', '1', '2026-01-01 00:00:01', NULL),
('28', '1', 'pdu', '🔌', '1', '2026-01-01 00:00:01', NULL);

INSERT INTO `idfs` (`id`, `company_id`, `location_id`, `rack_id`, `name`, `idf_code`, `notes`, `active`, `created_at`) VALUES
('1', '1', '1', '1', 'FO B1.2', 'IDF B1.2', 'FO', '1', '2026-01-01 00:00:01');

INSERT INTO `inventory_categories` (`company_id`, `id`, `name`, `code`, `active`, `created_at`) VALUES
('1', '1', 'Cables - Ethernet', 'CBL-ETH', '1', '2026-01-01 00:00:01'),
('1', '2', 'Cables - USB', 'CBL-USB', '1', '2026-01-01 00:00:01'),
('1', '3', 'Adapters', 'ADP', '1', '2026-01-01 00:00:01'),
('1', '4', 'Batteries', 'BAT', '1', '2026-01-01 00:00:01'),
('1', '5', 'Consumables', 'CONS', '1', '2026-01-01 00:00:01'),
('1', '6', 'Other', 'OTH', '1', '2026-01-01 00:00:01');

INSERT INTO `inventory_items` (`id`, `company_id`, `name`, `item_code`, `serial`, `storage_date`, `category_id`, `manufacturer_id`, `quantity_on_hand`, `quantity_minimum`, `price_eur`, `last_employee_id`, `last_employee_manual`, `comments`, `location_id`, `supplier_id`, `active`, `created_at`, `updated_at`) VALUES
(1, 1, 'Cat6 Cable 2m', 'INV-CAT6-2M', 'SER-CAT6-2M', '2024-01-15', 1, 1, 50, 10, 4.99, NULL, NULL, 'Stock for patching and desktop setups', 1, 1, 1, '2026-01-01 00:00:01', '2026-05-17 05:08:05');

INSERT INTO `license_types` (`company_id`, `id`, `name`, `active`, `created_at`) VALUES
('1', '1', 'Per User', '1', '2026-01-01 00:00:01'),
('1', '2', 'Per Device', '1', '2026-01-01 00:00:01'),
('1', '3', 'Enterprise', '1', '2026-01-01 00:00:01'),
('1', '4', 'Subscription', '1', '2026-01-01 00:00:01'),
('1', '5', 'Other', '1', '2026-01-01 00:00:01');

INSERT INTO `it_locations` (`id`, `company_id`, `name`, `location_code`, `address`, `city`, `state`, `country`, `postal_code`, `phone`, `type_id`, `active`, `created_at`, `updated_at`) VALUES
('1', '1', 'HQ NYC', 'LOC-NY-01', NULL, 'New York', NULL, 'USA', NULL, NULL, '1', '1', '2026-01-01 00:00:01', NULL);

INSERT INTO `location_types` (`company_id`, `id`, `name`, `created_at`) VALUES
('1', '2', 'Branch', '2026-01-01 00:00:01'),
('1', '4', 'DataCenter', '2026-01-01 00:00:01'),
('1', '1', 'Headquarters', '2026-01-01 00:00:01'),
('1', '5', 'Office', '2026-01-01 00:00:01'),
('1', '7', 'Other', '2026-01-01 00:00:01'),
('1', '6', 'Remote', '2026-01-01 00:00:01'),
('1', '3', 'Warehouse', '2026-01-01 00:00:01');

INSERT INTO `manufacturers` (`company_id`, `id`, `name`, `code`, `active`, `created_at`) VALUES
('1', '1', 'Cisco Systems', 'CSCO', '1', '2026-01-01 00:00:01'),
('1', '2', 'Dell Technologies', 'DELL', '1', '2026-01-01 00:00:01'),
('1', '3', 'HP Inc', 'HPE', '1', '2026-01-01 00:00:01'),
('1', '4', 'Juniper Networks', 'JNPR', '1', '2026-01-01 00:00:01'),
('1', '5', 'Ubiquiti Networks', 'UBNT', '1', '2026-01-01 00:00:01'),
('1', '6', 'Apple', 'APPLE', '1', '2026-01-01 00:00:01'),
('1', '7', 'Lenovo', 'LENOVO', '1', '2026-01-01 00:00:01'),
('1', '8', 'Microsoft', 'MSFT', '1', '2026-01-01 00:00:01');

INSERT INTO `catalogs` (`id`, `company_id`, `model`, `equipment_type_id`, `image_url`, `price`, `supplier_id`, `manufacturer_id`, `product_url`, `active`, `created_at`, `updated_at`) VALUES
(1, 1, 'HPE Instant On 1830 48G 24p Class4 PoE 4SFP 370W', 1, 'https://fls-na.amaz', 500.00, NULL, 3, 'https://www.amazon.com/', 1, '2026-01-01 00:00:01', '2026-04-13 01:23:57'),
(2, 1, 'Cisco Catalyst C9200L-24P-4G-A', 1, 'https://webobjects2.cdw.com/is/image/CDW/5404745?$product_minithumb$', 3899.00, NULL, 1, 'https://www.cdw.com/product/cisco-catalyst-9200l-24port-poe-4x1/5404745', 1, '2026-01-01 00:00:01', '2026-04-13 01:23:38'),
(3, 1, 'Ubiquiti UniFi Switch Pro 24 PoE (USW-Pro-24-PoE)', 1, 'https://c1.neweggimages.com/WebResource/Themes/logo_newegg_400400.png', 699.00, NULL, 5, 'https://www.newegg.com/', 1, '2026-01-01 00:00:01', '2026-04-13 01:23:33'),
(4, 1, 'TP-Link Omada TL-SG2428P 24-Port Gigabit PoE+', 1, 'https://www.bhphotovideo.com/', 329.99, NULL, NULL, 'https://www.bhphotovideo.com/', 1, '2026-01-01 00:00:01', '2026-04-13 01:23:20'),
(5, 1, 'NETGEAR GS108 8-Port Gigabit Ethernet Unmanaged Switch', 1, 'https://www.bestbuy.com/', 39.99, NULL, NULL, 'https://www.bestbuy.com/', 1, '2026-01-01 00:00:01', '2026-04-13 01:23:29'),
(7, 1, 'Ubiquiti UniFi Switch USW Pro 24 PoE', 1, 'https://media.officedepot.com/image/upload/w_130,h_63,c_fill/assets/OfficeDepot_OfficeMax.png', 698.99, NULL, 5, 'https://www.officedepot.com/a/products/5901320/Ubiquiti-UniFi-Switch-USW-Pro-24/', 1, '2026-01-01 00:00:01', '2026-04-13 01:20:28'),
(8, 1, 'Ubiquiti Networks UniFi Switch 24 PoE', 1, 'https://media.sweetwater.com/m/products/image/3c5509fab3bELb9Waebi8c1dQ7M237dDRNdrmnkr.jpg?quality=82&width=1080&height=1080&fit=bounds&canvas=1080%2C1080&ha=3c5509fab31c1f6d', 379.00, NULL, 5, 'https://www.sweetwater.com/store/detail/USW24POE--ubiquiti-networks-unifi-switch-24-poe', 1, '2026-01-01 00:00:01', '2026-04-13 01:20:22'),
(9, 1, 'Aruba Instant On 1930 24G 4SFP+ (JL682A)', 1, 'https://www.adorama.com/images/cms/36471Adorama-OG-Preview_30309.jpg', 459.99, NULL, NULL, 'https://www.adorama.com/', 1, '2026-01-01 00:00:01', '2026-04-13 01:20:12'),
(10, 1, 'Cisco Meraki MS120-24P Cloud Managed Switch', 1, 'https://www.insight.com/content/dam/insight-web/en_US/thumbnail/insight-thumbnail.png', 1599.00, 1, 1, 'https://www.insight.com/', 1, '2026-01-01 00:00:01', '2026-04-12 16:51:50');

INSERT INTO `patches_updates_status` (`company_id`, `id`, `name`, `color`, `is_closed`, `active`, `created_at`) VALUES
('1', '1', 'Open', '#FF0000', '0', '1', '2026-01-01 00:00:01'),
('1', '2', 'In Progress', '#FFA500', '0', '1', '2026-01-01 00:00:01'),
('1', '3', 'Resolved', '#00FF00', '0', '1', '2026-01-01 00:00:01'),
('1', '4', 'Closed', '#808080', '1', '1', '2026-01-01 00:00:01');

INSERT INTO `patches_updates_level` (`company_id`, `id`, `level`, `created_at`) VALUES
('1', '1', 'Critical', '2026-01-01 00:00:01'),
('1', '2', 'High', '2026-01-01 00:00:01'),
('1', '3', 'Medium', '2026-01-01 00:00:01'),
('1', '4', 'Low', '2026-01-01 00:00:01'),
('1', '5', 'Other', '2026-01-01 00:00:01');

INSERT INTO `printer_device_types` (`company_id`, `id`, `name`, `created_at`) VALUES
('1', '3', 'All-in-One', '2026-01-01 00:00:01'),
('1', '8', 'Dotmatrix', '2026-01-01 00:00:01'),
('1', '2', 'Inkjet', '2026-01-01 00:00:01'),
('1', '7', 'Label', '2026-01-01 00:00:01'),
('1', '1', 'Laser', '2026-01-01 00:00:01'),
('1', '9', 'Other', '2026-01-01 00:00:01'),
('1', '6', 'Photo', '2026-01-01 00:00:01'),
('1', '4', 'Thermal', '2026-01-01 00:00:01'),
('1', '5', 'Wide-Format', '2026-01-01 00:00:01');

INSERT INTO `rack_statuses` (`company_id`, `id`, `name`, `created_at`) VALUES
('1', '1', 'Active', '2026-01-01 00:00:01'),
('1', '4', 'Decommissioned', '2026-01-01 00:00:01'),
('1', '3', 'Full', '2026-01-01 00:00:01'),
('1', '2', 'Maintenance', '2026-01-01 00:00:01');

INSERT INTO `racks` (`id`, `company_id`, `location_id`, `name`, `rack_code`, `status_id`, `active`, `created_at`) VALUES
('1', '1', '1', 'Main Rack A', 'RACK-A', '1', '1', '2026-01-01 00:00:01');

INSERT INTO `supplier_statuses` (`company_id`, `id`, `name`, `created_at`) VALUES
('1', '4', 'Backup', '2026-01-01 00:00:01'),
('1', '2', 'Inactive', '2026-01-01 00:00:01'),
('1', '5', 'Other', '2026-01-01 00:00:01'),
('1', '3', 'Preferred', '2026-01-01 00:00:01');

INSERT INTO `suppliers` (`id`, `company_id`, `name`, `supplier_code`, `contact_person`, `email`, `phone`, `status_id`, `active`, `created_at`) VALUES
('1', '1', 'Global IT Supply', 'SUP-001', 'Jane Doe', 'sales@globalit.example', '+1-555-0100', '1', '1', '2026-01-01 00:00:01');

INSERT INTO `cable_colors` (`company_id`, `id`, `color_name`, `hex_color`, `comments`, `created_at`) VALUES
('1', '1', 'Gray', '#808080', NULL, '2026-01-01 00:00:01'),
('1', '2', 'Green', '#03b003', 'Printers', '2026-01-01 00:00:01'),
('1', '3', 'Red', '#ff0000', NULL, '2026-01-01 00:00:01'),
('1', '4', 'Yellow', '#ffff00', NULL, '2026-01-01 00:00:01'),
('1', '5', 'Black', '#000000', NULL, '2026-01-01 00:00:01'),
('1', '6', 'Blue', '#0000ff', NULL, '2026-01-01 00:00:01'),
('1', '7', 'White', '#ffffff', NULL, '2026-01-01 00:00:01'),
('1', '8', 'Orange', '#ffa500', NULL, '2026-01-01 00:00:01'),
('1', '9', 'Dark Pink', '#800080', NULL, '2026-01-01 00:00:01'),
('1', '10', 'Other', NULL, NULL, '2026-01-01 00:00:01');

INSERT INTO `switch_port_numbering_layout` (`company_id`, `id`, `name`, `created_at`) VALUES
('1', '2', 'Horizontal', '2026-01-01 00:00:01'),
('1', '1', 'Vertical', '2026-01-01 00:00:01');

INSERT INTO `switch_port_types` (`company_id`, `id`, `type`, `created_at`) VALUES
('1', '1', 'RJ45', '2026-01-01 00:00:01'),
('1', '2', 'SFP', '2026-01-01 00:00:01'),
('1', '3', 'Door', '2026-01-01 00:00:01'),
('1', '16', 'Access Point', '2026-01-01 00:00:01');

INSERT INTO `switch_status` (`company_id`, `id`, `status`, `color_id`, `created_at`) VALUES
('1', '10', 'Disabled', '1', '2026-01-01 00:00:01'),
('1', '11', 'Down', '3', '2026-01-01 00:00:01'),
('1', '12', 'Err-Disabled', '9', '2026-01-01 00:00:01'),
('1', '13', 'Faulty', '8', '2026-01-01 00:00:01'),
('1', '14', 'Free', '2', '2026-01-01 00:00:01'),
('1', '15', 'Reserved', '4', '2026-01-01 00:00:01'),
('1', '16', 'Testing', '6', '2026-01-01 00:00:01'),
('1', '17', 'Unknown', '1', '2026-01-01 00:00:01'),
('1', '18', 'Up', '6', '2026-01-01 00:00:01');

INSERT INTO `system_access` (`id`, `company_id`, `code`, `name`, `active`, `created_at`) VALUES
('1', '1', 'network_access', 'Network Access', '1', '2026-01-01 00:00:01'),
('2', '1', 'micros_emc', 'Micros Emc', '1', '2026-01-01 00:00:01'),
('3', '1', 'opera_username', 'Opera Username', '1', '2026-01-01 00:00:01'),
('4', '1', 'micros_card', 'Micros Card', '1', '2026-01-01 00:00:01'),
('5', '1', 'pms_id', 'PMS Id', '1', '2026-01-01 00:00:01'),
('6', '1', 'synergy_mms', 'Synergy Mms', '1', '2026-01-01 00:00:01'),
('7', '1', 'hu_the_lobby', 'HU The Lobby', '1', '2026-01-01 00:00:01'),
('8', '1', 'navision', 'Navision', '1', '2026-01-01 00:00:01'),
('9', '1', 'onq_ri', 'Onq Ri', '1', '2026-01-01 00:00:01'),
('10', '1', 'birchstreet', 'Birchstreet', '1', '2026-01-01 00:00:01'),
('11', '1', 'delphi', 'Delphi', '1', '2026-01-01 00:00:01'),
('12', '1', 'omina', 'Omina', '1', '2026-01-01 00:00:01'),
('13', '1', 'vingcard_system', 'Vingcard System', '1', '2026-01-01 00:00:01'),
('14', '1', 'digital_rev', 'Digital Rev', '1', '2026-01-01 00:00:01'),
('15', '1', 'office_key_card', 'Office Key Card', '1', '2026-01-01 00:00:01'),
('76', '1', 'email_account', 'Email Account', '1', '2026-01-01 00:00:01'),
('81', '1', 'landline_phone', 'Landline Phone', '1', '2026-01-01 00:00:01'),
('86', '1', 'mobile_phone', 'Mobile Phone', '1', '2026-01-01 00:00:01'),
('91', '1', 'mobile_email', 'Mobile Email', '1', '2026-01-01 00:00:01');

INSERT INTO `ticket_categories` (`company_id`, `id`, `name`, `code`, `active`, `created_at`) VALUES
('1', '1', 'Hardware Issue', 'HW', '1', '2026-01-01 00:00:01'),
('1', '2', 'Network Problem', 'NET', '1', '2026-01-01 00:00:01'),
('1', '3', 'Software Issue', 'SW', '1', '2026-01-01 00:00:01'),
('1', '4', 'Maintenance', 'MAINT', '1', '2026-01-01 00:00:01'),
('1', '5', 'Other', 'OTHER', '1', '2026-01-01 00:00:01');

INSERT INTO `ticket_priorities` (`company_id`, `id`, `name`, `level`, `color`, `active`, `created_at`) VALUES
('1', '1', 'Low', '1', '#0000FF', '1', '2026-01-01 00:00:01'),
('1', '2', 'Normal', '2', '#00FF00', '1', '2026-01-01 00:00:01'),
('1', '3', 'High', '3', '#FFA500', '1', '2026-01-01 00:00:01'),
('1', '4', 'Urgent', '4', '#FF0000', '1', '2026-01-01 00:00:01'),
('1', '5', 'Critical', '5', '#8B0000', '1', '2026-01-01 00:00:01');

INSERT INTO `ticket_statuses` (`company_id`, `id`, `name`, `color`, `is_closed`, `active`, `created_at`) VALUES
('1', '1', 'Open', '#FF0000', '0', '1', '2026-01-01 00:00:01'),
('1', '2', 'In Progress', '#FFA500', '0', '1', '2026-01-01 00:00:01'),
('1', '4', 'Closed', '#808080', '1', '1', '2026-01-01 00:00:01');

INSERT INTO `tickets` (`id`, `company_id`, `ticket_external_code`, `title`, `description`, `category_id`, `status_id`, `priority_id`, `created_by_employee_id`, `assigned_to_employee_id`, `equipment_id`, `tickets_photos`, `created_at`) VALUES
('1', '1', 'TCK-0001', 'Server patching required', 'Patch cycle for file server', '4', '1', '2', '1', '1', '1', NULL, '2026-01-01 00:00:01');

INSERT INTO `employee_roles` (`company_id`, `name`, `created_at`) VALUES
(1, 'IT Manager', '2026-01-01 00:00:01'),
(1, 'IT Assistant', '2026-01-01 00:00:01'),
(1, 'Helpdesk', '2026-01-01 00:00:01'),
(1, 'User', '2026-01-01 00:00:01');

INSERT INTO `attempts` (`employee_id`, `email`, `active`, `attempt_source`, `attempt_type`, `ip_address`, `created_at`) VALUES
(NULL, 'unknown@example.com', '0', 'login', 'failure', '10.0.0.55', '2026-01-01 08:05:01'),
('1', 'admin@techcorp.example', '0', 'login', 'failure', '192.168.1.10', '2026-01-01 08:06:01'),
(NULL, 'admin@techcorp.example', '1', 'password_reset', 'request', '192.168.1.20', '2026-01-02 09:00:01'),
('1', 'admin@techcorp.example', '1', 'password_reset', 'reset', '192.168.1.20', '2026-01-02 09:15:01'),
('1', 'admin@techcorp.example', '1', 'password_reset', 'success', '192.168.1.20', '2026-01-02 09:16:01'),
(NULL, 'wrong@example.com', '0', 'password_reset', 'failure', '203.0.113.8', '2026-01-03 10:00:01'),
('1', 'admin@techcorp.example', '1', 'login', 'success', '127.0.0.1', '2026-01-03 11:00:01'),
(NULL, 'guest@example.com', '0', 'login', 'failure', '172.16.0.4', '2026-01-04 14:30:01'),
('1', 'admin@techcorp.example', '1', 'login', 'success', '192.168.1.50', '2026-01-05 07:45:01');

INSERT INTO `ip_subnets` (`company_id`, `vlan_id`, `cidr`, `network_ip`, `prefix_length`, `gateway_ip`, `dns1_ip`, `dns2_ip`, `dhcp_enabled`, `description`, `active`, `created_at`) VALUES
('1', NULL, '192.168.10.0/24', '192.168.10.0', '24', '192.168.10.1', NULL, NULL, '1', NULL, '1', '2026-01-01 00:00:01');

INSERT INTO `warranty_types` (`company_id`, `id`, `name`, `created_at`) VALUES
('1', '4', 'Enterprise', '2026-01-01 00:00:01'),
('1', '2', 'Extended', '2026-01-01 00:00:01'),
('1', '5', 'None', '2026-01-01 00:00:01'),
('1', '6', 'Other', '2026-01-01 00:00:01'),
('1', '3', 'Premium', '2026-01-01 00:00:01'),
('1', '1', 'Standard', '2026-01-01 00:00:01');

INSERT INTO `workstation_device_types` (`company_id`, `id`, `name`, `created_at`) VALUES
('1', '3', 'All-in-One', '2026-01-01 00:00:01'),
('1', '1', 'Desktop', '2026-01-01 00:00:01'),
('1', '2', 'Laptop', '2026-01-01 00:00:01'),
('1', '6', 'Mobile', '2026-01-01 00:00:01'),
('1', '8', 'Other', '2026-01-01 00:00:01'),
('1', '7', 'POS', '2026-01-01 00:00:01'),
('1', '4', 'Tablet', '2026-01-01 00:00:01'),
('1', '5', 'Thin-Client', '2026-01-01 00:00:01');

INSERT INTO `workstation_modes` (`company_id`, `id`, `mode_name`, `mode_code`, `description`, `monitor_count`, `has_keyboard_mouse`, `pos`, `active`, `created_at`) VALUES
('1', '1', 'Desktop + 1 Monitor', 'MODE-PC-1MON', 'Desktop with 1 Monitor', '1', '1', '0', '1', '2026-01-01 00:00:01'),
('1', '2', 'Desktop + 2 Monitors', 'MODE-PC-2MON', 'Desktop with 2 Monitors', '2', '1', '0', '1', '2026-01-01 00:00:01'),
('1', '3', 'Laptop Only', 'MODE-LAP', 'Single Laptop', '0', '0', '0', '1', '2026-01-01 00:00:01'),
('1', '4', 'All-in-One', 'MODE-AIO', 'All-in-One Device', '0', '1', '0', '1', '2026-01-01 00:00:01'),
('1', '5', 'Shared Setup', 'MODE-SHARED', 'Shared Workstation', '1', '1', '0', '1', '2026-01-01 00:00:01'),
('1', '6', 'Laptop + Dock', 'MODE-LAP-DOCK', 'Laptop with Docking Station', '0', '1', '0', '1', '2026-01-01 00:00:01'),
('1', '7', 'Laptop + Dock + Monitor', 'MODE-LAP-DOCK1', 'Laptop with Docking Station & Monitor', '1', '1', '0', '1', '2026-01-01 00:00:01'),
('1', '8', 'Laptop + Dock + Monitors', 'MODE-LAP-DOCK2', 'Laptop with Docking Station & Monitors', '2', '1', '0', '1', '2026-01-01 00:00:01'),
('1', '9', 'POS Only', 'MODE-POS', 'Point of Sale Terminal', '0', '0', '1', '1', '2026-01-01 00:00:01'),
('1', '10', 'POS + Desktop', 'MODE-POS1', 'Point of Sale Terminal + Desktop', '1', '1', '1', '1', '2026-01-01 00:00:01'),
('1', '11', 'POS + Laptop', 'MODE-POS2', 'Point of Sale Terminal + Laptop', '0', '1', '1', '1', '2026-01-01 00:00:01');

INSERT INTO `workstation_office` (`company_id`, `id`, `name`, `created_at`) VALUES
('1', '1', 'None', '2026-01-01 00:00:01'),
('1', '3', 'Office 2024 Pro', '2026-01-01 00:00:01'),
('1', '2', 'Office 2024 STD', '2026-01-01 00:00:01'),
('1', '4', 'Office 365', '2026-01-01 00:00:01');

INSERT INTO `workstation_os_types` (`company_id`, `id`, `name`, `created_at`) VALUES
('1', '1', 'Windows', '2026-01-01 00:00:01'),
('1', '2', 'Windows 11', '2026-01-01 00:00:01'),
('1', '3', 'Windows 10', '2026-01-01 00:00:01'),
('1', '4', 'Windows Server', '2026-01-01 00:00:01'),
('1', '5', 'Windows Server 2012', '2026-01-01 00:00:01'),
('1', '6', 'Windows Server 2016', '2026-01-01 00:00:01'),
('1', '7', 'Windows Server 2019', '2026-01-01 00:00:01'),
('1', '8', 'Windows Server 2022', '2026-01-01 00:00:01'),
('1', '9', 'Windows Server 2025', '2026-01-01 00:00:01'),
('1', '10', 'Android', '2026-01-01 00:00:01'),
('1', '11', 'iOS', '2026-01-01 00:00:01'),
('1', '12', 'ChromeOS', '2026-01-01 00:00:01'),
('1', '13', 'Linux', '2026-01-01 00:00:01'),
('1', '14', 'macOS', '2026-01-01 00:00:01'),
('1', '15', 'Other', '2026-01-01 00:00:01');

INSERT INTO `workstation_os_versions` (`company_id`, `id`, `name`, `created_at`) VALUES
('1', '1', '24H2', '2026-01-01 00:00:01'),
('1', '2', '25H2', '2026-01-01 00:00:01'),
('1', '3', '26H2', '2026-01-01 00:00:01'),
('1', '4', '10 LTSC', '2026-01-01 00:00:01');

INSERT INTO `workstation_ram` (`company_id`, `id`, `name`, `created_at`) VALUES
('1', '1', '4 GB', '2026-01-01 00:00:01'),
('1', '2', '8 GB', '2026-01-01 00:00:01'),
('1', '3', '16 GB', '2026-01-01 00:00:01'),
('1', '4', '32 GB', '2026-01-01 00:00:01'),
('1', '5', '64 GB', '2026-01-01 00:00:01'),
('1', '6', '128 GB', '2026-01-01 00:00:01');

INSERT INTO `event_categories` (`company_id`, `name`, `color`) VALUES
(1, 'Meeting', '#3b82f6'),
(1, 'Maintenance', '#ef4444'),
(1, 'Holiday', '#10b981'),
(1, 'Other', '#6b7280');

INSERT INTO `events` (`company_id`, `employee_id`, `assigned_to_employee_id`, `created_by`, `title`, `title_hash`, `description`, `start_datetime`, `end_datetime`, `location`, `category_id`, `active`) VALUES
(1, 1, 1, 1, 'Project Kickoff', 'fd3be7accd3a3a8c43472283ed4dd18dc3e70d95c16861e8ed2c7de79a727de1', 'Initial meeting for the new project', '2026-05-01 09:00:00', '2026-05-01 11:00:00', 'Meeting Room A', 1, 1),
(1, 1, NULL, NULL, 'Server Maintenance', 'f78625785dce5adc93b013e1962ff81f09c6f4908c1277469c95d5cfc02c96cd', 'Monthly server updates and backup verification', '2026-05-15 22:00:00', '2026-05-16 02:00:00', 'Data Center', 2, 1),
(1, 1, NULL, NULL, 'Team Lunch', 'af65330d1edc5952b1f4283b470c6d2a5b8a14f334a785016235f16c45986610', 'Monthly team building lunch', '2026-05-20 12:00:00', '2026-05-20 13:30:00', 'Local Restaurant', 4, 1);

INSERT INTO `ops_report` (`company_id`, `report_date`, `occupancy_pct`, `average_daily_rate`, `revpar`, `room_revenue`, `fb_revenue`, `spa_revenue`, `kids_club_revenue`, `hsk_revenue`, `fo_upgrade_rooms`, `total_revenue`, `active`, `created_at`) VALUES
(1, '2025-01-15', '70.0', 165.00, 115.50, 32798.00, 9800.00, 2400.00, 600.00, 1100.00, 800.00, 52900.00, 1, '2025-01-15 08:00:00'),
(1, '2025-02-15', '70.0', 165.00, 115.50, 33356.00, 9800.00, 2400.00, 600.00, 1100.00, 800.00, 53800.00, 1, '2025-02-15 08:00:00'),
(1, '2025-03-15', '70.0', 165.00, 115.50, 33914.00, 9800.00, 2400.00, 600.00, 1100.00, 800.00, 54700.00, 1, '2025-03-15 08:00:00'),
(1, '2025-04-15', '70.0', 165.00, 115.50, 34472.00, 9800.00, 2400.00, 600.00, 1100.00, 800.00, 55600.00, 1, '2025-04-15 08:00:00'),
(1, '2025-05-15', '70.0', 165.00, 115.50, 35030.00, 9800.00, 2400.00, 600.00, 1100.00, 800.00, 56500.00, 1, '2025-05-15 08:00:00'),
(1, '2025-06-15', '70.0', 165.00, 115.50, 35588.00, 9800.00, 2400.00, 600.00, 1100.00, 800.00, 57400.00, 1, '2025-06-15 08:00:00'),
(1, '2025-07-15', '70.0', 165.00, 115.50, 36146.00, 9800.00, 2400.00, 600.00, 1100.00, 800.00, 58300.00, 1, '2025-07-15 08:00:00'),
(1, '2025-08-15', '70.0', 165.00, 115.50, 36704.00, 9800.00, 2400.00, 600.00, 1100.00, 800.00, 59200.00, 1, '2025-08-15 08:00:00'),
(1, '2025-09-15', '70.0', 165.00, 115.50, 37262.00, 9800.00, 2400.00, 600.00, 1100.00, 800.00, 60100.00, 1, '2025-09-15 08:00:00'),
(1, '2025-10-15', '70.0', 165.00, 115.50, 37820.00, 9800.00, 2400.00, 600.00, 1100.00, 800.00, 61000.00, 1, '2025-10-15 08:00:00'),
(1, '2025-11-15', '70.0', 165.00, 115.50, 38378.00, 9800.00, 2400.00, 600.00, 1100.00, 800.00, 61900.00, 1, '2025-11-15 08:00:00'),
(1, '2025-12-15', '70.0', 165.00, 115.50, 38936.00, 9800.00, 2400.00, 600.00, 1100.00, 800.00, 62800.00, 1, '2025-12-15 08:00:00'),
(1, '2026-01-15', '74.0', 172.00, 127.28, 35168.00, 10200.00, 2600.00, 700.00, 1250.00, 850.00, 54950.00, 1, '2026-01-15 08:00:00'),
(1, '2026-02-15', '74.0', 172.00, 127.28, 35776.00, 10200.00, 2600.00, 700.00, 1250.00, 850.00, 55900.00, 1, '2026-02-15 08:00:00'),
(1, '2026-03-15', '74.0', 172.00, 127.28, 36384.00, 10200.00, 2600.00, 700.00, 1250.00, 850.00, 56850.00, 1, '2026-03-15 08:00:00'),
(1, '2026-04-15', '74.0', 172.00, 127.28, 36992.00, 10200.00, 2600.00, 700.00, 1250.00, 850.00, 57800.00, 1, '2026-04-15 08:00:00'),
(1, '2026-05-15', '74.0', 172.00, 127.28, 37600.00, 10200.00, 2600.00, 700.00, 1250.00, 850.00, 58750.00, 1, '2026-05-15 08:00:00'),
(1, '2026-06-17', '72.0', 175.00, 126.00, 38000.00, 11000.00, 2800.00, 650.00, 1200.00, 900.00, 54550.00, 1, '2026-06-17 08:00:00'),
(1, '2026-06-18', '73.0', 178.00, 129.94, 38150.00, 11040.00, 2815.00, 655.00, 1210.00, 908.00, 54778.00, 1, '2026-06-18 08:00:00'),
(1, '2026-06-19', '74.0', 181.00, 133.94, 38300.00, 11080.00, 2830.00, 660.00, 1220.00, 916.00, 55006.00, 1, '2026-06-19 08:00:00'),
(1, '2026-06-20', '75.0', 184.00, 138.00, 38450.00, 11120.00, 2845.00, 665.00, 1230.00, 924.00, 55234.00, 1, '2026-06-20 08:00:00'),
(1, '2026-06-21', '76.0', 187.00, 142.12, 38600.00, 11160.00, 2860.00, 670.00, 1240.00, 932.00, 55462.00, 1, '2026-06-21 08:00:00'),
(1, '2026-06-22', '77.0', 175.00, 134.75, 38750.00, 11200.00, 2875.00, 675.00, 1250.00, 940.00, 55690.00, 1, '2026-06-22 08:00:00'),
(1, '2026-06-23', '78.0', 178.00, 138.84, 38900.00, 11240.00, 2890.00, 680.00, 1260.00, 948.00, 55918.00, 1, '2026-06-23 08:00:00'),
(1, '2026-06-24', '79.0', 181.00, 142.99, 39050.00, 11280.00, 2905.00, 685.00, 1270.00, 956.00, 56146.00, 1, '2026-06-24 08:00:00'),
(1, '2026-06-25', '80.0', 184.00, 147.20, 39200.00, 11320.00, 2920.00, 690.00, 1280.00, 964.00, 56374.00, 1, '2026-06-25 08:00:00'),
(1, '2026-06-26', '81.0', 187.00, 151.47, 39350.00, 11360.00, 2935.00, 695.00, 1290.00, 972.00, 56602.00, 1, '2026-06-26 08:00:00'),
(1, '2026-06-27', '82.0', 175.00, 143.50, 39500.00, 11400.00, 2950.00, 700.00, 1300.00, 980.00, 56830.00, 1, '2026-06-27 08:00:00'),
(1, '2026-06-28', '83.0', 178.00, 147.74, 39650.00, 11440.00, 2965.00, 705.00, 1310.00, 988.00, 57058.00, 1, '2026-06-28 08:00:00'),
(1, '2026-06-29', '72.0', 181.00, 130.32, 39800.00, 11480.00, 2980.00, 710.00, 1320.00, 996.00, 57286.00, 1, '2026-06-29 08:00:00'),
(1, '2026-06-30', '73.0', 184.00, 134.32, 39950.00, 11520.00, 2995.00, 715.00, 1330.00, 1004.00, 57514.00, 1, '2026-06-30 08:00:00'),
(1, '2026-07-01', '74.0', 187.00, 138.38, 40100.00, 11560.00, 3010.00, 720.00, 1340.00, 1012.00, 57742.00, 1, '2026-07-01 08:00:00'),
(1, '2026-07-02', '75.0', 175.00, 131.25, 40250.00, 11600.00, 3025.00, 725.00, 1350.00, 1020.00, 57970.00, 1, '2026-07-02 08:00:00'),
(1, '2026-07-03', '76.0', 178.00, 135.28, 40400.00, 11640.00, 3040.00, 730.00, 1360.00, 1028.00, 58198.00, 1, '2026-07-03 08:00:00'),
(1, '2026-07-04', '77.0', 181.00, 139.37, 40550.00, 11680.00, 3055.00, 735.00, 1370.00, 1036.00, 58426.00, 1, '2026-07-04 08:00:00'),
(1, '2026-07-05', '78.0', 184.00, 143.52, 40700.00, 11720.00, 3070.00, 740.00, 1380.00, 1044.00, 58654.00, 1, '2026-07-05 08:00:00'),
(1, '2026-07-06', '79.0', 187.00, 147.73, 40850.00, 11760.00, 3085.00, 745.00, 1390.00, 1052.00, 58882.00, 1, '2026-07-06 08:00:00'),
(1, '2026-07-07', '80.0', 175.00, 140.00, 41000.00, 11800.00, 3100.00, 750.00, 1400.00, 1060.00, 59110.00, 1, '2026-07-07 08:00:00'),
(1, '2026-07-08', '81.0', 178.00, 144.18, 41150.00, 11840.00, 3115.00, 755.00, 1410.00, 1068.00, 59338.00, 1, '2026-07-08 08:00:00'),
(1, '2026-07-09', '82.0', 181.00, 148.42, 41300.00, 11880.00, 3130.00, 760.00, 1420.00, 1076.00, 59566.00, 1, '2026-07-09 08:00:00'),
(1, '2026-07-10', '83.0', 184.00, 152.72, 41450.00, 11920.00, 3145.00, 765.00, 1430.00, 1084.00, 59794.00, 1, '2026-07-10 08:00:00'),
(1, '2026-07-11', '72.0', 187.00, 134.64, 41600.00, 11960.00, 3160.00, 770.00, 1440.00, 1092.00, 60022.00, 1, '2026-07-11 08:00:00'),
(1, '2026-07-12', '73.0', 175.00, 127.75, 41750.00, 12000.00, 3175.00, 775.00, 1450.00, 1100.00, 60250.00, 1, '2026-07-12 08:00:00'),
(1, '2026-07-13', '74.0', 178.00, 131.72, 41900.00, 12040.00, 3190.00, 780.00, 1460.00, 1108.00, 60478.00, 1, '2026-07-13 08:00:00'),
(1, '2026-07-14', '75.0', 181.00, 135.75, 42050.00, 12080.00, 3205.00, 785.00, 1470.00, 1116.00, 60706.00, 1, '2026-07-14 08:00:00'),
(1, '2026-07-15', '76.0', 184.00, 139.84, 42200.00, 12120.00, 3220.00, 790.00, 1480.00, 1124.00, 60934.00, 1, '2026-07-15 08:00:00'),
(1, '2026-07-16', '77.0', 187.00, 143.99, 42350.00, 12160.00, 3235.00, 795.00, 1490.00, 1132.00, 61162.00, 1, '2026-07-16 08:00:00');
